gaze_offset_avg,gaze_offset_std,gaze_away_pct,face_absent_pct,multi_face_count,head_pose_variance,answer_delay_sec,eye_movement_speed,label
0.1369,0.0785,18.2155,5.1022,0,0.0863,3.1329,0.02,0
0.1935,0.0287,73.8267,5.6701,0,0.0489,13.8148,0.149,1
0.2765,0.0375,73.1191,14.1417,0,0.0486,19.3124,0.1261,1
0.2704,0.029,43.3706,10.1312,1,0.0484,11.9556,0.1117,1
0.096,0.0361,1.6788,4.3833,1,0.0465,2.5408,0.0141,0
0.3697,0.0297,67.8477,2.1141,0,0.0475,20.6854,0.0692,1
0.2469,0.0364,78.4841,7.4488,1,0.0405,16.7007,0.1478,1
0.0963,0.0617,24.4101,4.6845,0,0.0319,8.5157,0.0208,0
0.2473,0.1101,33.3906,9.1872,9,0.0625,18.0925,0.0556,1
0.0615,0.052,12.7681,1.9966,0,0.0798,5.426,0.0204,0
0.1833,0.079,63.629,40.7166,0,0.1145,16.5001,0.0564,1
0.0817,0.0288,5.7649,0.1182,0,0.048,4.4738,0.0109,0
0.3185,0.0223,53.3464,11.773,0,0.0356,11.3149,0.142,1
0.2876,0.045,36.9601,4.1063,0,0.0602,12.7252,0.1262,1
0.1531,0.0285,66.5887,6.9766,1,0.0723,3.3429,0.1526,1
0.2444,0.1023,40.3304,10.0886,7,0.0888,17.8826,0.0589,1
0.0912,0.0616,9.2723,0.1921,0,0.0239,2.1232,0.0089,0
0.2456,0.0681,43.0151,9.2582,11,0.0555,19.0499,0.0621,1
0.207,0.0619,43.988,35.5766,0,0.1873,19.1955,0.1125,1
0.04,0.0401,0.9053,1.9097,0,0.0344,2.2548,0.0297,0
0.0576,0.0681,9.6051,6.05,1,0.083,9.1581,0.0283,0
0.0716,0.0446,9.5101,3.9502,0,0.0297,7.7551,0.0284,0
0.0215,0.0362,2.7147,1.0676,0,0.0194,6.5493,0.0222,0
0.1352,0.0647,12.987,2.4622,0,0.0647,7.2525,0.0565,0
0.0639,0.0656,6.3927,0.7601,0,0.0322,4.0381,0.0148,0
0.0778,0.0726,5.5279,4.433,0,0.0446,7.6604,0.0327,0
0.0709,0.0367,14.5365,1.6169,0,0.0458,1.922,0.0281,0
0.2308,0.0315,67.3742,9.3539,0,0.0581,12.669,0.0816,1
0.2085,0.0522,38.5332,3.6456,0,0.0577,12.4726,0.1481,1
0.1956,0.0245,54.2022,10.8088,0,0.0446,4.1287,0.1565,1
0.0708,0.0251,5.189,0.6075,0,0.0153,4.8981,0.0252,0
0.0977,0.0426,8.8861,4.635,0,0.0306,6.2566,0.0164,0
0.2685,0.0104,61.2543,5.7706,1,0.05,10.3023,0.1159,1
0.0989,0.0468,12.95,1.4109,0,0.064,7.2168,0.0287,0
0.0281,0.0424,14.5709,4.0889,0,0.0413,1.1269,0.0151,0
0.091,0.0293,11.2448,4.8156,0,0.0663,7.7031,0.0111,0
0.339,0.0242,42.2924,14.7006,0,0.0288,21.3378,0.102,1
0.0995,0.0566,21.8121,2.7047,0,0.0487,4.9754,0.0297,0
0.32,0.0289,47.4737,3.2676,0,0.0374,14.1731,0.1147,1
0.046,0.0572,9.4126,4.5001,0,0.049,6.0003,0.0287,0
0.0536,0.0643,9.8806,3.9936,0,0.0648,2.1295,0.0342,0
0.0618,0.0601,3.3073,1.3708,0,0.0363,7.0385,0.0198,0
0.022,0.0275,8.2139,1.3252,0,0.0665,6.8654,0.036,0
0.307,0.0556,51.8038,8.5761,0,0.0552,7.4917,0.1645,1
0.0268,0.0753,10.5971,0.0605,0,0.0107,7.6697,0.0321,0
0.072,0.0633,14.7999,2.188,0,0.0551,5.5862,0.0133,0
0.2411,0.0535,42.8596,8.8787,0,0.068,5.8611,0.092,1
0.3223,0.0353,53.5688,5.2616,1,0.0224,10.9591,0.0909,1
0.0265,0.0546,10.1015,0.3853,0,0.0183,2.1892,0.0338,0
0.2432,0.0696,31.2869,7.8433,7,0.0787,13.7841,0.0752,1
0.1025,0.0552,14.4596,3.0982,0,0.0672,4.5045,0.044,0
0.2091,0.1025,29.1711,16.9842,4,0.0555,6.1268,0.0754,1
0.0992,0.0387,11.9634,4.2218,0,0.0637,4.0978,0.0061,0
0.099,0.0806,24.7847,7.6365,0,0.1167,10.5236,0.0239,0
0.0493,0.0705,14.5659,0.5071,0,0.0369,6.1933,0.0159,0
0.0686,0.0688,0.5551,1.5565,0,0.0421,2.2713,0.0064,0
0.3545,0.0164,59.3876,5.6998,0,0.0519,6.7054,0.0789,1
0.0216,0.0568,3.3181,4.0649,0,0.0318,3.916,0.0164,0
0.0655,0.0309,2.2659,0.6069,0,0.0321,2.3949,0.0179,0
0.2462,0.0358,44.6259,33.4824,0,0.1368,10.3148,0.111,1
0.0816,0.0759,2.5122,3.5816,0,0.0383,6.525,0.0057,0
0.0678,0.0726,14.969,1.1404,0,0.0236,4.5622,0.03,0
0.0992,0.0993,8.2761,2.5262,0,0.1126,8.6763,0.0273,0
0.0329,0.0609,14.9569,3.251,0,0.0624,7.4018,0.0115,0
0.2476,0.0185,69.793,10.0173,0,0.0318,11.0825,0.089,1
0.1961,0.0224,63.3074,3.29,0,0.0308,11.861,0.0848,1
0.3769,0.0259,67.2154,6.849,0,0.0506,6.8356,0.1062,1
0.1535,0.085,44.5578,12.8474,3,0.0648,7.2844,0.0679,1
0.0818,0.0508,4.4446,2.933,0,0.0499,7.8497,0.026,0
0.0875,0.0986,20.3892,0.4551,0,0.1,3.5198,0.0586,0
0.0804,0.0419,11.3736,4.0018,1,0.0679,5.7089,0.015,0
0.035,0.0554,1.0979,0.6768,0,0.0455,2.7038,0.0371,0
0.0703,0.0848,13.3591,0.4685,0,0.0865,10.0758,0.0234,0
0.395,0.0266,55.1198,3.7038,1,0.0378,18.7388,0.107,1
0.0858,0.0504,8.5131,2.5611,0,0.0114,4.7489,0.0248,0
0.0673,0.0768,1.1787,2.592,0,0.011,3.1686,0.032,0
0.2715,0.0251,73.6843,11.35,0,0.0248,14.28,0.1091,1
0.0552,0.0277,4.7294,2.6258,1,0.0789,1.5492,0.0315,0
0.0702,0.0775,19.5973,1.6706,0,0.0693,10.1286,0.0378,0
0.0458,0.0755,12.0259,0.926,0,0.0465,4.8736,0.0264,0
0.2032,0.0269,47.7148,6.9677,0,0.0526,23.9376,0.0755,1
0.0313,0.0435,3.5817,3.3377,0,0.0381,6.6495,0.0277,0
0.0601,0.029,1.574,1.577,0,0.0617,6.3511,0.0059,0
0.0842,0.0462,1.6571,0.4777,0,0.0796,2.3667,0.0146,0
0.0325,0.0233,1.2244,3.1233,0,0.0463,5.7155,0.0301,0
0.1308,0.0574,10.2878,3.1675,0,0.0597,5.3491,0.0259,0
0.1527,0.0527,39.4154,7.6725,1,0.0661,11.1167,0.1207,1
0.3578,0.0233,42.7888,11.6313,0,0.0597,19.4145,0.1312,1
0.1298,0.0609,63.8873,33.5244,1,0.0803,26.3819,0.1021,1
0.0689,0.0408,11.8455,4.8424,0,0.0729,4.6045,0.017,0
0.0703,0.0212,14.5412,3.1815,1,0.0403,6.7497,0.0376,0
0.0647,0.0599,9.2677,1.1031,0,0.0504,4.3174,0.0106,0
0.0856,0.0556,13.7963,6.5605,0,0.0311,11.7621,0.0561,0
0.072,0.0275,9.8177,4.9184,0,0.0103,2.6942,0.01,0
0.1821,0.0786,56.6887,40.5854,1,0.0884,15.983,0.0613,1
0.0258,0.0211,4.6189,1.3491,0,0.012,5.6981,0.0127,0
0.2971,0.0375,47.5921,47.122,0,0.1721,17.7777,0.0606,1
0.091,0.0277,14.8675,2.141,1,0.0714,2.6448,0.025,0
0.0485,0.0209,6.2665,1.374,0,0.0411,6.1029,0.0225,0
0.1435,0.0636,59.8612,36.0996,0,0.1836,17.1109,0.071,1
0.3037,0.0124,55.5134,10.4966,0,0.029,17.1151,0.087,1
0.0885,0.065,8.6801,4.0797,0,0.0536,5.915,0.0052,0
0.2852,0.0588,49.7117,6.6215,0,0.046,9.8835,0.0956,1
0.0949,0.0572,3.0079,4.7979,0,0.042,4.1804,0.04,0
0.3329,0.0296,54.3184,3.3308,1,0.0464,17.8621,0.1044,1
0.1924,0.0163,74.222,13.0624,1,0.0406,24.3898,0.1012,1
0.1042,0.0739,14.8345,0.9636,0,0.1017,3.7311,0.0409,0
0.2019,0.0422,61.7625,4.6955,0,0.0663,11.6412,0.138,1
0.0233,0.0312,0.0958,0.5818,0,0.0595,1.6445,0.0338,0
0.3209,0.0598,67.0084,6.0692,1,0.0756,6.509,0.1694,1
0.086,0.0544,16.933,4.9091,0,0.1069,6.634,0.0216,0
0.2464,0.056,45.795,28.4186,0,0.1354,25.7268,0.0869,1
0.2612,0.0492,69.4057,9.4505,0,0.0742,13.5706,0.128,1
0.253,0.0617,41.202,32.274,0,0.1901,17.1175,0.102,1
0.0784,0.0246,9.2012,3.4757,0,0.0656,7.7918,0.0191,0
0.0695,0.0791,7.3327,2.8033,0,0.0694,6.2622,0.008,0
0.0406,0.0758,1.5376,0.6626,0,0.0522,1.7413,0.0221,0
0.3159,0.0462,50.4078,8.8118,0,0.0553,5.1125,0.09,1
0.1094,0.0494,24.0807,5.1277,0,0.0307,5.9256,0.0233,0
0.0302,0.0211,12.0088,0.2084,0,0.039,3.4765,0.0186,0
0.1357,0.0782,47.8938,8.4081,7,0.0734,12.251,0.0511,1
0.064,0.0213,14.4768,0.465,0,0.0106,6.6315,0.0337,0
0.1883,0.0172,45.4738,13.0566,0,0.0454,5.4997,0.0884,1
0.0692,0.0291,4.0349,2.2719,0,0.0137,3.9932,0.011,0
0.0219,0.069,7.0981,0.9731,0,0.0543,6.6356,0.0313,0
0.1377,0.0894,20.1063,2.7144,0,0.0922,13.8962,0.0329,0
0.0837,0.0657,17.9061,3.2117,0,0.0856,6.9291,0.0293,0
0.0958,0.0207,2.6572,2.5863,0,0.0633,5.1801,0.0377,0
0.1392,0.0543,46.988,18.1171,2,0.0599,8.9596,0.0453,1
0.1984,0.0321,39.1236,21.4247,0,0.1059,23.5706,0.0839,1
0.1177,0.0687,16.4993,4.5268,0,0.0966,7.3245,0.0439,0
0.1906,0.1016,30.6875,13.3958,11,0.1052,10.7915,0.0386,1
0.0793,0.0542,1.0867,1.6234,0,0.0248,6.7732,0.0265,0
0.1985,0.0502,50.6784,7.632,1,0.0674,14.1154,0.0942,1
0.1205,0.0803,19.8632,7.1835,0,0.1157,11.7706,0.0405,0
0.0937,0.0442,5.2607,1.0602,0,0.014,3.585,0.0258,0
0.0846,0.0311,13.3312,2.326,0,0.0457,3.4707,0.0336,0
0.039,0.0758,3.3115,4.9743,0,0.0595,5.1262,0.0374,0
0.0828,0.0481,7.1132,1.2839,0,0.0122,3.9584,0.0131,0
0.0204,0.0438,0.6314,3.6844,0,0.0241,5.9082,0.0297,0
0.0407,0.0571,13.2897,4.8146,0,0.0338,5.0864,0.0259,0
0.0973,0.0526,0.4879,1.2991,0,0.0309,3.5978,0.0133,0
0.3698,0.016,52.6399,5.1531,0,0.0545,20.0624,0.1482,1
0.047,0.0526,10.537,4.5088,0,0.0723,1.4934,0.0263,0
0.1583,0.0974,48.4359,11.0961,8,0.056,6.6745,0.0646,1
0.1581,0.041,41.1524,11.3491,0,0.073,5.349,0.0905,1
0.152,0.0504,51.5664,35.4147,0,0.187,29.5362,0.0567,1
0.0212,0.0339,11.4154,2.0808,0,0.0633,6.1654,0.0064,0
0.2841,0.037,40.1198,18.8526,0,0.1029,21.9794,0.0669,1
0.0772,0.0203,2.3932,0.6069,0,0.0101,2.6072,0.0397,0
0.2287,0.0385,68.0346,7.1232,0,0.042,21.4228,0.135,1
0.039,0.0588,13.0777,1.9849,0,0.0178,4.3813,0.0098,0
0.2395,0.0322,46.2857,8.0101,0,0.0502,6.6549,0.1511,1
0.0294,0.0355,13.0188,0.3243,0,0.0544,6.3656,0.0332,0
0.2918,0.0263,64.899,3.0486,0,0.0751,6.5121,0.1117,1
0.0797,0.0347,1.5989,4.199,0,0.0454,1.5388,0.0077,0
0.0417,0.0268,12.2224,0.492,0,0.0188,2.357,0.0161,0
0.3819,0.0208,53.1354,14.0076,0,0.0256,19.3147,0.104,1
0.0511,0.0622,13.1052,1.7671,0,0.0343,4.232,0.0181,0
0.1169,0.0518,49.1807,12.2344,7,0.1035,6.5942,0.0507,1
0.0804,0.091,19.7882,2.7638,0,0.1165,12.2721,0.0316,0
0.21,0.0391,30.5031,33.4717,0,0.1179,19.7802,0.0803,1
0.2818,0.0356,59.8902,4.0877,1,0.0264,22.1641,0.0785,1
0.1873,0.0135,47.1366,8.9854,0,0.0269,8.412,0.1152,1
0.2278,0.1108,27.7518,14.1121,9,0.0688,9.596,0.0491,1
0.3848,0.0269,45.6219,5.2829,0,0.0362,20.3575,0.109,1
0.0698,0.0618,9.5465,0.3563,0,0.0517,7.3965,0.0234,0
0.3352,0.0255,68.2971,7.7886,0,0.0551,18.9907,0.0804,1
0.0869,0.0722,6.7848,0.4109,0,0.0286,6.2385,0.0147,0
0.0551,0.0791,1.2017,3.3015,0,0.0112,7.0117,0.0347,0
0.0715,0.0472,3.1599,3.2808,0,0.0742,3.3604,0.0145,0
0.0618,0.0558,6.5337,4.2097,0,0.0725,2.8524,0.0105,0
0.0432,0.0224,12.2375,4.4004,0,0.0769,5.3741,0.0061,0
0.2067,0.0546,63.595,8.8929,0,0.0547,13.6585,0.1237,1
0.0236,0.0613,5.9426,3.6397,0,0.023,5.8926,0.0131,0
0.0636,0.0464,9.4734,2.7251,1,0.0429,5.8445,0.0115,0
0.0336,0.0284,10.2835,4.8794,0,0.045,5.6652,0.02,0
0.0278,0.0673,8.7296,2.7398,0,0.0359,5.9382,0.034,0
0.1559,0.0763,30.022,30.011,0,0.1675,9.6879,0.0866,1
0.2853,0.039,50.6033,6.1328,1,0.0358,14.2724,0.0616,1
0.0571,0.0417,9.0517,3.7569,0,0.0387,4.9014,0.0272,0
0.3442,0.0378,60.7231,13.0145,0,0.054,16.7673,0.0813,1
0.0219,0.0595,7.7223,2.5418,0,0.0153,2.7729,0.0241,0
0.1225,0.0538,20.1502,2.0185,0,0.0838,7.909,0.0343,0
0.2499,0.0941,30.1908,12.8176,4,0.0813,12.6126,0.0566,1
0.0762,0.0345,7.4272,0.7621,0,0.0574,2.3929,0.0147,0
0.0714,0.0314,13.1013,1.2612,0,0.0668,7.0937,0.0191,0
0.0509,0.0536,1.9735,4.6869,0,0.0595,3.743,0.02,0
0.1542,0.0515,62.3572,9.0165,0,0.0579,7.7111,0.1471,1
0.2492,0.0337,61.9007,6.6764,0,0.0378,6.5482,0.1063,1
0.298,0.0509,69.0688,5.0931,0,0.0468,14.4168,0.0975,1
0.2828,0.0408,36.7085,35.5844,1,0.1929,29.9854,0.0545,1
0.2793,0.0243,62.2199,8.1922,1,0.0256,24.964,0.1022,1
0.0824,0.0489,1.9513,2.7476,1,0.0487,3.7932,0.0249,0
0.0379,0.0447,11.9221,2.299,0,0.0133,6.0641,0.0339,0
0.0924,0.0356,8.7803,1.6347,0,0.0736,7.9803,0.0378,0
0.0212,0.0285,3.4268,2.9121,0,0.0312,7.236,0.0375,0
0.0204,0.0353,4.1044,3.0979,1,0.0138,6.2387,0.025,0
0.2684,0.0321,66.4682,14.9124,0,0.0296,10.3112,0.0617,1
0.0487,0.0495,3.2738,3.0355,0,0.0775,2.1412,0.0323,0
0.0237,0.0719,12.4337,2.6958,1,0.0629,6.7175,0.0317,0
0.1119,0.0843,13.029,3.7295,0,0.0323,10.8708,0.0354,0
0.2316,0.0356,68.8453,4.797,1,0.0203,5.2384,0.1335,1
0.0521,0.0961,10.0097,3.0227,0,0.0449,6.8285,0.053,0
0.1568,0.0892,21.8002,15.8658,10,0.0764,9.3326,0.0489,1
0.1284,0.0427,19.9104,6.4241,0,0.0957,11.5788,0.0513,0
0.0868,0.0292,12.2695,4.2571,0,0.0154,1.5291,0.0079,0
0.3104,0.0393,38.9569,11.6568,0,0.0688,13.4988,0.1774,1
0.0483,0.0255,10.0232,3.2848,0,0.0668,1.2729,0.027,0
0.2113,0.0319,34.0944,44.3007,0,0.1884,26.1555,0.0482,1
0.0634,0.0554,11.0637,2.1187,0,0.0442,2.9185,0.0294,0
0.0401,0.0393,5.2171,4.2102,0,0.0617,2.945,0.0131,0
0.2912,0.0462,51.2927,6.1415,0,0.0384,14.3018,0.1284,1
0.1724,0.0645,50.3462,40.4638,0,0.1209,23.353,0.1028,1
0.2843,0.0286,47.6694,12.9846,0,0.0529,18.0844,0.1069,1
0.0806,0.0471,10.788,3.0094,1,0.0379,2.1602,0.018,0
0.3282,0.0348,73.107,11.0453,0,0.0512,22.5865,0.0981,1
0.0882,0.0575,9.2498,0.6855,0,0.0647,5.0911,0.0214,0
0.2845,0.0204,46.3647,8.9313,0,0.0651,6.2669,0.1377,1
0.373,0.0203,55.4221,6.4046,0,0.0499,13.923,0.1388,1
0.0981,0.0642,13.0645,3.8733,0,0.0642,1.718,0.0377,0
0.2983,0.0246,71.32,6.4063,0,0.0201,10.6812,0.0676,1
0.3091,0.0402,53.738,9.0798,0,0.0734,5.7758,0.1698,1
0.0348,0.0663,0.319,3.1658,0,0.0633,3.0759,0.0124,0
0.1617,0.0582,38.2907,9.0075,2,0.1462,12.9409,0.0507,1
0.0786,0.0386,13.0942,0.1282,0,0.0342,7.1312,0.0399,0
0.0644,0.0876,13.5,6.1322,0,0.104,11.3921,0.0371,0
0.0603,0.024,13.0055,1.4295,0,0.0199,5.875,0.0069,0
0.2258,0.0568,57.8411,6.8843,0,0.0667,6.2885,0.0946,1
0.0608,0.0616,8.0189,1.5195,1,0.0798,5.3858,0.035,0
0.0519,0.0289,11.1406,4.7154,0,0.0481,7.719,0.0313,0
0.2276,0.0253,36.6997,10.7008,1,0.0575,3.6072,0.1495,1
0.0757,0.0663,1.8031,4.0132,0,0.0646,6.7046,0.0065,0
0.103,0.0804,13.3536,6.5098,0,0.0337,4.4603,0.0514,0
0.0959,0.0533,1.8085,1.3631,1,0.0181,6.6469,0.0247,0
0.0336,0.08,8.944,3.0517,0,0.0302,3.5966,0.0343,0
0.0602,0.0689,3.4493,3.1195,0,0.0364,6.1291,0.0137,0
0.3334,0.0567,39.9988,10.0523,0,0.0739,7.5952,0.1072,1
0.092,0.0505,5.1882,1.9933,0,0.0537,5.7608,0.0165,0
0.0293,0.0306,14.945,3.7404,0,0.0146,2.6908,0.0072,0
0.0679,0.0688,10.9834,1.7062,0,0.0208,4.7737,0.0339,0
0.0685,0.0238,7.3296,2.1976,0,0.0448,1.7133,0.0243,0
0.0778,0.0645,8.8571,4.331,1,0.1038,11.1091,0.0494,0
0.2338,0.0618,58.5255,38.9164,0,0.1599,23.0701,0.0752,1
0.0613,0.0761,10.7113,3.3069,0,0.0641,3.7491,0.0143,0
0.0262,0.0614,2.3084,2.7001,0,0.0501,2.7533,0.0399,0
0.0314,0.0284,6.8211,2.8999,0,0.0255,5.086,0.0165,0
0.0259,0.0756,10.1947,3.2099,0,0.0259,3.6636,0.0057,0
0.0449,0.058,14.171,4.9389,0,0.0653,1.0799,0.0238,0
0.0572,0.055,1.318,3.1833,0,0.0461,5.7959,0.0187,0
0.0465,0.0496,6.2637,2.9724,0,0.0709,1.1764,0.0331,0
0.2768,0.0375,46.4371,4.7509,1,0.0685,8.6746,0.1382,1
0.232,0.0506,39.3181,38.2412,0,0.1404,26.6693,0.0741,1
0.1666,0.0633,22.0791,17.7689,3,0.1018,6.731,0.0751,1
0.0801,0.0208,9.2572,1.7769,0,0.0787,7.1415,0.0074,0
0.0424,0.0439,3.2882,3.8732,0,0.0553,2.157,0.0169,0
0.0506,0.0818,9.1797,4.3548,0,0.0789,12.227,0.0223,0
0.2238,0.0215,43.9169,7.9934,0,0.0318,12.9692,0.1357,1
0.3293,0.0324,66.0315,8.2892,0,0.0686,14.536,0.1556,1
0.0325,0.0298,9.8818,1.9941,0,0.0552,3.9766,0.0137,0
0.3982,0.0165,51.254,9.5038,0,0.0359,9.0571,0.0972,1
0.05,0.0413,0.7232,2.9388,0,0.0125,6.7528,0.0191,0
0.0542,0.0303,2.7966,0.3971,0,0.03,2.2548,0.008,0
0.0758,0.0657,5.8874,3.6868,0,0.056,3.0467,0.0369,0
0.0669,0.0483,6.3258,2.3027,0,0.0372,4.7275,0.0363,0
0.242,0.1,43.458,5.6515,11,0.108,11.4126,0.0596,1
0.2902,0.0723,53.4243,43.6405,0,0.1269,9.8562,0.1135,1
0.0295,0.0339,2.4529,3.4444,0,0.0422,4.7496,0.0307,0
0.1956,0.031,60.4388,2.8304,0,0.0549,23.2133,0.1406,1
0.0757,0.0603,5.8662,4.3666,0,0.0483,6.8528,0.0281,0
0.0565,0.068,3.5632,3.8276,0,0.015,2.817,0.0127,0
0.0914,0.0684,3.984,2.7889,0,0.0718,3.0134,0.0073,0
0.2785,0.0589,63.2709,4.3271,0,0.0627,14.5093,0.153,1
0.0436,0.027,11.9481,2.6766,0,0.0551,4.7683,0.0213,0
0.1156,0.0932,23.5936,0.3326,0,0.0429,9.8615,0.021,0
0.0766,0.0635,7.3414,3.8244,0,0.0387,1.0001,0.04,0
0.0781,0.0373,14.6023,0.1291,1,0.06,2.7717,0.0119,0
0.3204,0.0315,41.6427,7.1124,0,0.0242,8.2711,0.1142,1
0.0699,0.0788,1.3412,1.9545,0,0.0473,3.6905,0.0343,0
0.1252,0.0781,37.4562,24.7339,1,0.1255,11.5996,0.1114,1
0.1249,0.0815,14.846,1.3013,0,0.0599,7.6168,0.0271,0
0.2442,0.07,48.2309,31.1914,1,0.1303,14.9204,0.0755,1
0.0342,0.0426,2.7829,2.0706,0,0.0103,7.529,0.021,0
0.0224,0.0292,5.9538,0.7508,0,0.0365,2.7497,0.0133,0
0.0754,0.0557,6.7708,0.3067,0,0.01,2.811,0.0127,0
0.2415,0.0363,51.5152,5.5619,1,0.027,17.6376,0.1012,1
0.066,0.0239,8.8853,3.6425,0,0.0282,5.2395,0.016,0
0.0267,0.0558,10.2487,2.1701,0,0.0743,5.4267,0.0216,0
0.0514,0.0677,4.1132,4.9835,0,0.0652,2.8956,0.0285,0
0.3218,0.0514,53.9265,6.624,0,0.031,11.4806,0.1774,1
0.3288,0.048,35.3966,5.8866,1,0.0649,11.7978,0.1215,1
0.1234,0.0798,60.3258,35.4199,1,0.1225,20.3629,0.1079,1
0.1158,0.0696,13.6435,4.9534,0,0.0361,3.2001,0.0355,0
0.097,0.0373,14.9912,2.8594,1,0.0127,3.6796,0.0243,0
0.0567,0.0515,9.3445,0.8871,0,0.0303,1.9999,0.0117,0
0.0379,0.054,13.0613,1.6726,0,0.0298,2.9036,0.0264,0
0.1703,0.0411,61.6109,7.3202,1,0.078,5.7965,0.1521,1
0.0481,0.058,9.5868,3.2116,0,0.026,1.4652,0.0177,0
0.0893,0.0694,12.7379,2.668,0,0.0338,1.8951,0.0074,0
0.0394,0.0277,11.2907,4.6848,0,0.0385,3.7833,0.0156,0
0.0776,0.0494,18.0888,0.1675,0,0.0402,6.0545,0.0222,0
0.0268,0.0364,14.5487,0.2928,1,0.0302,2.3648,0.0185,0
0.0564,0.0264,8.1673,2.2909,1,0.0433,6.4462,0.0197,0
0.0273,0.0737,0.6236,3.0979,0,0.064,5.6318,0.0252,0
0.2487,0.0479,37.3567,25.1627,0,0.0818,16.178,0.0443,1
0.2119,0.0397,50.354,8.4693,0,0.0454,10.4678,0.1122,1
0.0237,0.0499,14.6219,4.0588,0,0.026,3.4799,0.0082,0
0.0858,0.0908,9.643,7.524,1,0.1171,10.0571,0.0309,0
0.3172,0.0466,50.3514,9.4251,0,0.0792,9.5109,0.091,1
0.1017,0.0576,16.7458,0.9212,1,0.035,3.3712,0.0307,0
0.0905,0.0764,17.8344,4.6159,0,0.0919,11.6769,0.0549,0
0.0739,0.0896,23.3045,6.4794,0,0.1095,11.4087,0.0472,0
0.0744,0.081,22.8515,4.8145,0,0.0453,6.549,0.0222,0
0.3593,0.0344,70.9768,2.6109,0,0.0237,12.0386,0.1027,1
0.0501,0.0724,14.1692,1.641,0,0.0628,5.0516,0.0061,0
0.0925,0.0749,8.5591,3.6783,0,0.0651,2.8966,0.039,0
0.0914,0.0321,14.7597,4.0699,0,0.0724,2.7329,0.0127,0
0.0727,0.0326,6.5792,4.3068,0,0.0647,2.2019,0.0124,0
0.184,0.0116,66.9102,3.5371,0,0.0428,7.4974,0.0606,1
0.0722,0.0483,2.4544,3.9038,0,0.0458,4.0408,0.0114,0
0.0293,0.0355,14.2494,2.7335,0,0.0737,6.5034,0.0263,0
0.0241,0.0674,12.7587,3.9101,0,0.0636,7.7947,0.0333,0
0.0633,0.0546,0.7796,1.7663,0,0.0463,4.5394,0.0061,0
0.3146,0.0326,64.7316,4.2349,1,0.0232,15.4839,0.0787,1
0.2664,0.0728,56.794,45.7058,0,0.1479,23.4474,0.1158,1
0.126,0.0497,8.4735,4.9368,0,0.0313,7.4654,0.0333,0
0.0339,0.0307,13.0241,2.197,0,0.065,2.6394,0.0215,0
0.0921,0.0497,5.4969,0.403,0,0.0514,1.6187,0.0245,0
0.187,0.0274,69.9981,10.1753,1,0.0273,10.0852,0.0746,1
0.047,0.0519,3.3027,3.9772,0,0.0247,7.6111,0.0391,0
0.1979,0.0169,45.4548,5.1493,0,0.0487,15.0208,0.1446,1
0.0263,0.0703,13.4222,3.8219,0,0.0639,5.7386,0.0382,0
0.2388,0.0367,74.0885,5.792,0,0.0526,19.549,0.1382,1
0.2474,0.0234,67.2269,9.1152,0,0.0483,18.3387,0.1278,1
0.05,0.0619,2.777,2.5954,0,0.02,5.5826,0.0164,0
0.0527,0.0555,7.896,1.4772,0,0.0305,5.2738,0.0387,0
0.331,0.0174,50.2992,13.9408,0,0.0373,23.7532,0.1162,1
0.1182,0.092,13.8264,5.4053,0,0.0706,7.9488,0.0347,0
0.2195,0.0735,21.7128,5.2647,10,0.1288,9.2737,0.0445,1
0.0523,0.0895,19.4981,5.8418,1,0.0475,14.264,0.0448,0
0.0643,0.0231,11.4343,2.1483,0,0.0726,2.531,0.0188,0
0.0456,0.0453,9.9571,3.7287,0,0.0536,1.5187,0.0086,0
0.061,0.0248,9.4772,4.3403,0,0.0307,2.8718,0.0304,0
0.0542,0.0421,8.2629,3.45,0,0.0581,1.4785,0.0075,0
0.0473,0.0601,5.055,2.7754,0,0.0238,6.6248,0.0212,0
0.0833,0.0721,4.7423,3.4781,0,0.0214,1.0585,0.0265,0
0.0515,0.0656,19.0464,7.4778,0,0.1143,6.8077,0.0359,0
0.1835,0.0223,68.6661,8.9388,0,0.0564,11.6807,0.1173,1
0.0296,0.0283,14.141,3.4622,0,0.0204,6.7199,0.0372,0
0.1834,0.0242,65.5256,9.9362,0,0.0605,10.5702,0.1642,1
0.0291,0.0355,5.1281,4.8781,0,0.0258,5.1837,0.0361,0
0.0609,0.0678,7.2076,3.9345,0,0.0556,1.7378,0.0106,0
0.2337,0.1073,33.6924,16.9773,10,0.0624,17.0231,0.0725,1
0.099,0.0409,4.3086,2.2588,0,0.0536,3.3493,0.0273,0
0.023,0.0552,1.9907,3.6872,0,0.0336,4.605,0.0287,0
0.0378,0.0737,7.4381,1.7379,0,0.0663,1.3961,0.0109,0
0.0241,0.0624,0.4738,4.7825,0,0.0425,3.2872,0.0132,0
0.0246,0.0455,14.7995,3.971,0,0.0108,1.0372,0.0338,0
0.0643,0.0408,2.7318,0.2098,0,0.0117,6.1268,0.0141,0
0.0428,0.0272,4.0054,0.4456,0,0.02,7.8626,0.0174,0
0.0596,0.068,2.2251,1.7775,0,0.0449,4.3879,0.0176,0
0.1138,0.0762,17.0418,3.8193,0,0.0741,10.3398,0.0331,0
0.0459,0.0468,1.142,1.1732,0,0.0106,5.7004,0.0389,0
0.0822,0.056,7.4576,0.443,0,0.0766,2.0953,0.0193,0
0.0272,0.0261,2.4114,4.9608,0,0.031,1.5389,0.0221,0
0.0674,0.0234,4.7865,4.0151,1,0.0116,5.9883,0.0268,0
0.2746,0.0766,54.9797,20.9688,0,0.1918,29.8378,0.0942,1
0.0706,0.0345,9.3137,0.7319,0,0.015,3.8571,0.0209,0
0.08,0.026,14.5473,3.6323,0,0.0691,2.2841,0.0164,0
0.1049,0.1172,38.4872,10.8209,2,0.09,6.6087,0.0575,1
0.0673,0.0371,4.3056,4.0872,1,0.0135,5.1933,0.007,0
0.3426,0.0219,72.5259,14.4092,1,0.0307,7.7445,0.0815,1
0.097,0.0212,12.3702,2.6998,1,0.011,1.7096,0.0155,0
0.0381,0.0515,3.8971,4.0296,0,0.0263,1.1058,0.0251,0
0.0246,0.0747,10.3841,2.9009,1,0.0546,1.263,0.0252,0
0.3648,0.0318,56.0923,6.0393,1,0.0572,18.8773,0.0835,1
0.0975,0.0498,11.9672,4.3637,0,0.0763,5.1671,0.0114,0
0.0852,0.0573,0.2681,4.314,1,0.0377,6.0894,0.0209,0
0.2205,0.0384,46.0182,10.929,0,0.0516,4.7836,0.1686,1
0.1325,0.0671,54.3864,16.2128,0,0.0939,17.2732,0.05,1
0.0716,0.0463,14.5229,1.8388,0,0.0593,6.7609,0.0103,0
0.023,0.0734,13.1794,3.7764,0,0.0627,1.4725,0.0286,0
0.1546,0.0312,51.7806,25.0131,0,0.1401,24.0253,0.0907,1
0.0356,0.0415,9.775,0.6536,0,0.0581,1.568,0.0355,0
0.0726,0.0763,14.263,0.7112,0,0.0619,1.6397,0.0329,0
0.2309,0.0328,44.2063,11.0621,0,0.0721,8.5076,0.144,1
0.0886,0.0431,23.7906,5.842,0,0.0753,10.3473,0.0442,0
0.0296,0.0507,1.2157,3.3246,0,0.0295,3.6174,0.0102,0
0.2373,0.04,49.3078,6.5108,0,0.0781,13.0872,0.1079,1
0.1821,0.0363,58.6351,30.6573,0,0.0926,23.3634,0.0821,1
0.0728,0.0534,14.0584,4.3101,0,0.035,2.0838,0.031,0
0.0596,0.0564,11.8608,0.5344,0,0.0773,5.9652,0.0298,0
0.3449,0.0318,47.3514,10.1571,0,0.0404,7.7938,0.1004,1
0.0383,0.0502,10.4403,1.1686,0,0.0635,6.5768,0.0331,0
0.1225,0.054,19.4326,5.8749,0,0.1003,8.2319,0.0202,0
0.0271,0.028,11.5078,3.0549,0,0.034,7.5305,0.0069,0
0.0916,0.0736,7.1195,1.0124,0,0.0787,3.6283,0.011,0
0.0499,0.0591,10.089,3.9245,0,0.0744,6.2498,0.0156,0
0.2509,0.0716,49.8605,43.1913,0,0.0912,21.3494,0.1136,1
0.2543,0.0562,66.3475,9.2467,0,0.0462,5.2739,0.0855,1
0.0565,0.0703,14.164,2.4294,0,0.0127,6.939,0.0279,0
0.0895,0.0378,6.1036,1.8112,0,0.0707,6.5737,0.0335,0
0.106,0.0449,19.2512,2.869,1,0.0482,3.8298,0.0261,0
0.1391,0.0804,21.4673,4.665,0,0.0544,10.0682,0.0573,0
0.3959,0.0135,41.0747,8.7237,1,0.0335,22.3237,0.131,1
0.3364,0.0273,44.8566,10.1705,1,0.0489,7.0506,0.1371,1
0.3142,0.031,44.2781,11.696,0,0.0717,10.2449,0.1485,1
0.0579,0.0548,1.083,4.6404,0,0.0432,5.2543,0.0389,0
0.082,0.0711,7.9341,3.0081,0,0.0408,6.313,0.0393,0
0.0888,0.0743,18.7334,6.7997,1,0.0523,9.2626,0.0423,0
0.0793,0.0434,17.807,0.4562,0,0.1009,9.8226,0.0253,0
0.2888,0.0381,61.5142,3.5783,0,0.0677,8.0149,0.1156,1
0.1478,0.0515,48.7784,38.5327,0,0.1288,8.4774,0.0952,1
0.0902,0.022,0.1743,0.7502,1,0.0695,1.448,0.0229,0
0.1253,0.075,56.7103,30.875,0,0.1608,24.7738,0.0988,1
0.3277,0.0271,74.24,5.1072,1,0.0458,11.678,0.0603,1
0.2419,0.0258,72.8657,8.5697,0,0.0575,23.6296,0.0727,1
0.1736,0.1089,25.0827,15.4617,7,0.1044,10.4498,0.0683,1
0.0745,0.0635,16.5047,4.6847,0,0.1054,10.5936,0.0328,0
0.0803,0.074,12.5717,0.7373,0,0.0375,7.2239,0.0236,0
0.0546,0.0792,13.7323,1.2174,0,0.0198,1.0103,0.0096,0
0.2506,0.0185,75.7362,9.0535,1,0.0511,15.2805,0.1213,1
0.0702,0.0245,0.0864,2.4148,0,0.0448,6.326,0.0109,0
0.0854,0.0526,9.446,7.0662,0,0.0598,11.573,0.0525,0
0.0281,0.0515,10.003,3.0174,0,0.061,6.621,0.0213,0
0.0924,0.0309,13.6355,0.8241,0,0.0203,2.4302,0.0092,0
0.0251,0.0397,13.1868,2.4838,0,0.0191,6.873,0.0386,0
0.0417,0.0328,14.7613,1.1844,0,0.0506,7.447,0.038,0
0.2091,0.0135,45.5347,11.6647,0,0.0305,9.3972,0.0749,1
0.0894,0.0276,11.6978,4.4604,1,0.0307,4.4377,0.0203,0
0.0229,0.0745,7.7657,4.4756,0,0.0178,6.6989,0.0331,0
0.0511,0.0665,13.6855,3.8822,0,0.0342,1.8204,0.0292,0
0.0256,0.0323,7.3,4.5946,0,0.0203,3.8837,0.0194,0
0.0209,0.0511,10.3429,3.2128,0,0.0351,2.6905,0.0074,0
0.0762,0.0632,2.1374,1.2734,0,0.0377,2.8217,0.0067,0
0.0866,0.076,14.1609,4.7776,0,0.0524,1.3824,0.0332,0
0.094,0.0303,9.4893,3.2049,0,0.0548,7.0627,0.018,0
0.0357,0.0717,2.6952,0.6586,0,0.0105,4.5546,0.0307,0
0.154,0.0839,39.556,11.2289,6,0.1308,17.8168,0.0534,1
0.2477,0.0232,44.5137,9.3403,0,0.0334,10.0361,0.063,1
0.0494,0.0645,14.1542,0.5052,0,0.0352,6.1711,0.0245,0
0.1209,0.0462,14.6083,3.5363,0,0.0822,10.705,0.0418,0
0.1536,0.0429,55.996,6.1482,1,0.0385,13.2021,0.1682,1
0.1939,0.0349,64.5653,5.5302,0,0.0292,20.7819,0.1216,1
0.0654,0.0796,19.306,5.6169,0,0.1112,6.9667,0.0453,0
0.1314,0.0745,24.9247,4.6539,1,0.0346,6.0689,0.0468,0
0.3697,0.0234,42.1513,4.8641,0,0.038,7.5817,0.0916,1
0.0753,0.0267,11.6977,0.4046,0,0.075,5.7322,0.0352,0
0.2102,0.0309,69.5947,14.2747,1,0.0409,15.2845,0.1007,1
0.2371,0.0307,68.1734,6.4443,0,0.0203,6.2848,0.0929,1
0.0546,0.0861,13.558,1.0146,0,0.0829,5.1741,0.0322,0
0.1821,0.0863,40.1848,12.7551,8,0.1318,12.1743,0.0741,1
0.0821,0.0438,7.7966,1.0202,0,0.0772,3.7148,0.0252,0
0.0629,0.0342,11.1526,2.4848,0,0.0466,5.2255,0.0146,0
0.0971,0.0744,13.8127,3.8014,0,0.0174,7.4454,0.0368,0
0.2313,0.0349,40.8834,8.699,0,0.057,19.846,0.1349,1
0.1403,0.07,28.5752,15.7937,10,0.1436,17.6298,0.0446,1
0.3254,0.0301,51.4589,7.7568,1,0.0201,20.0359,0.0678,1
0.0455,0.0294,13.0612,2.7112,0,0.045,5.399,0.0108,0
0.096,0.0574,4.0462,4.9817,0,0.0784,3.4536,0.0389,0
0.0765,0.0717,14.8158,1.0837,0,0.0128,4.9345,0.0284,0
0.0846,0.0249,8.0546,1.6217,0,0.0698,7.3426,0.0391,0
0.069,0.0605,22.8386,0.6342,0,0.0868,3.1753,0.0595,0
0.2408,0.0506,66.0663,3.7264,0,0.0658,11.4679,0.154,1
0.0992,0.0633,3.5408,0.4959,0,0.0655,7.1779,0.0339,0
0.0926,0.0272,14.9236,0.3471,0,0.0706,3.1685,0.036,0
0.0707,0.0724,8.8941,1.665,0,0.0407,1.0851,0.0213,0
0.0463,0.0769,1.8316,2.9652,0,0.0273,6.0592,0.0292,0
0.1104,0.0578,10.4358,5.5145,0,0.052,4.5308,0.0367,0
0.0575,0.0228,10.1477,2.1062,0,0.056,2.5044,0.0196,0
0.0273,0.0428,13.0241,0.7444,0,0.0761,4.9134,0.0337,0
0.0809,0.0309,9.1161,0.642,0,0.0787,7.7692,0.0257,0
0.2237,0.0598,37.8958,6.3619,0,0.0638,13.2671,0.1369,1
0.0578,0.0291,3.4751,3.588,0,0.0761,5.9341,0.0147,0
0.0884,0.0749,2.9931,0.6405,0,0.0439,2.5565,0.0258,0
0.153,0.0228,46.4023,5.4267,0,0.0412,6.5499,0.1127,1
0.1819,0.0217,63.342,8.785,0,0.0778,11.9809,0.1013,1
0.2192,0.0394,52.1743,5.3101,1,0.0445,11.1077,0.099,1
0.3691,0.0198,57.8382,13.1904,0,0.0236,17.4221,0.1299,1
0.0586,0.0479,10.1815,6.9753,0,0.0592,5.1279,0.0577,0
0.3289,0.0152,64.7682,5.0076,0,0.0558,14.991,0.1455,1
0.0817,0.0738,3.46,3.6217,0,0.0704,4.5336,0.0068,0
0.0976,0.0451,14.815,3.5906,0,0.0574,4.6576,0.0312,0
0.0887,0.0376,6.4633,3.0799,0,0.0796,2.4243,0.0393,0
0.1043,0.0638,19.5538,2.9186,1,0.0727,7.1983,0.0522,0
0.0927,0.0603,9.3884,1.2828,0,0.037,6.4644,0.013,0
0.0228,0.0337,4.7813,2.8366,0,0.0373,2.1712,0.0186,0
0.0398,0.0471,7.4729,1.4641,0,0.0646,1.5849,0.0377,0
0.0349,0.0296,7.612,4.653,0,0.0656,3.081,0.0157,0
0.0262,0.0282,6.9524,0.3448,0,0.0333,3.2612,0.0313,0
0.1933,0.097,37.7051,9.4609,11,0.1065,15.5626,0.0787,1
0.0575,0.084,20.809,4.3222,0,0.0741,9.9477,0.0521,0
0.2384,0.0425,36.4013,26.9338,0,0.1905,21.6826,0.1164,1
0.0225,0.0301,0.8676,0.9593,0,0.0371,3.7759,0.0359,0
0.0553,0.0361,0.0741,2.941,0,0.035,6.4097,0.0217,0
0.0949,0.0782,11.4154,0.8676,0,0.0734,5.2701,0.0238,0
0.085,0.0324,13.0221,3.9431,0,0.0131,6.311,0.0092,0
0.0435,0.0377,0.5902,4.431,0,0.0603,4.2497,0.0068,0
0.133,0.1179,22.6025,18.1364,10,0.0865,10.0446,0.0302,1
0.1609,0.0706,43.3845,9.2532,10,0.1009,5.0733,0.0744,1
0.3018,0.038,43.7086,5.9235,0,0.0367,10.5034,0.0988,1
0.0509,0.0439,1.6047,2.0149,0,0.0384,5.9464,0.016,0
0.0945,0.0323,12.4333,3.6654,0,0.0766,7.3124,0.0092,0
0.2151,0.0319,51.9924,7.7475,0,0.0709,8.4739,0.1638,1
0.2491,0.0503,62.7047,40.2969,0,0.1261,14.962,0.0512,1
0.2772,0.0411,44.9641,3.5062,0,0.0341,11.1119,0.1356,1
0.3456,0.0314,71.6757,10.2492,0,0.0248,23.2775,0.0908,1
0.0902,0.0262,3.872,3.8056,0,0.0131,6.9033,0.0337,0
0.1506,0.0269,47.0111,3.8807,0,0.0304,10.5654,0.1067,1
0.2831,0.0597,37.5986,27.6521,1,0.1039,22.6173,0.0408,1
0.0757,0.052,7.3739,2.4393,0,0.0246,5.4117,0.0319,0
0.0663,0.0562,11.7042,4.4517,0,0.1195,5.6952,0.0261,0
0.0233,0.0451,9.7549,3.2824,0,0.0273,1.7374,0.0107,0
0.0347,0.0216,13.8787,0.0378,0,0.0792,3.1294,0.0135,0
0.0964,0.0522,14.638,3.2195,0,0.0782,1.0139,0.0078,0
0.2616,0.0532,43.1953,26.8514,0,0.1946,26.6883,0.0649,1
0.0275,0.024,6.485,1.5164,0,0.0171,7.1423,0.008,0
0.031,0.0719,8.119,3.4748,1,0.0325,3.1904,0.0344,0
0.3276,0.0403,43.8911,9.1091,0,0.0641,13.1717,0.114,1
0.0434,0.0782,13.8659,1.7581,0,0.0775,5.6413,0.0248,0
0.0221,0.0222,13.5105,3.7752,0,0.0545,5.4199,0.036,0
0.2409,0.0377,71.5609,14.9416,0,0.0456,15.7838,0.126,1
0.2325,0.0581,48.3339,18.0997,6,0.1188,8.5088,0.0327,1
0.0593,0.0208,3.8652,1.8608,0,0.077,1.4041,0.0226,0
0.0809,0.0701,7.7339,2.8074,0,0.0325,6.4737,0.0123,0
0.059,0.0647,23.6128,3.2982,0,0.0706,8.2865,0.0454,0
0.1113,0.0525,39.1046,6.3574,3,0.106,10.8543,0.0478,1
0.0919,0.0281,4.8542,2.5307,0,0.029,7.839,0.013,0
0.2517,0.0278,66.6693,4.1398,0,0.0462,10.3429,0.0828,1
0.0649,0.0407,7.6903,0.5205,0,0.0438,1.3617,0.0174,0
0.1251,0.0813,8.0005,0.4963,0,0.0353,7.9862,0.0518,0
0.026,0.0742,5.3193,3.1193,0,0.0716,3.4174,0.0105,0
0.2831,0.0341,55.8311,4.619,1,0.0294,13.6402,0.0643,1
0.0663,0.0309,4.8969,3.2968,0,0.0141,7.1718,0.0183,0
0.1216,0.1098,33.1294,13.7834,8,0.0515,9.648,0.0636,1
0.0267,0.0303,2.0948,3.3823,1,0.0167,4.6261,0.0219,0
0.0592,0.0647,10.2021,1.8007,0,0.0154,3.9591,0.0079,0
0.0783,0.077,6.4166,0.4786,0,0.0433,7.6296,0.0343,0
0.1951,0.025,47.184,13.2524,0,0.0383,7.1898,0.0669,1
0.0989,0.0282,10.3894,2.201,0,0.036,5.5789,0.0289,0
0.0624,0.0662,4.5145,3.0313,0,0.0722,7.181,0.0343,0
0.0848,0.0708,12.9018,3.9251,0,0.0525,1.3932,0.0243,0
0.0425,0.0435,12.9654,2.2489,0,0.0371,6.8694,0.027,0
0.0425,0.0461,10.432,2.4823,0,0.0332,3.5784,0.0226,0
0.0349,0.0366,13.1619,3.3092,0,0.0144,4.842,0.0167,0
0.1573,0.0324,38.623,11.7536,1,0.0734,7.1043,0.0831,1
0.0936,0.0561,19.285,3.8279,0,0.0731,10.8273,0.0526,0
0.1995,0.034,45.8644,45.2853,0,0.0861,27.1005,0.0984,1
0.1236,0.0531,10.2646,4.4189,0,0.0883,3.8085,0.0473,0
0.0854,0.0478,1.3048,1.0047,0,0.0606,6.4863,0.0124,0
0.0843,0.0237,1.3723,4.9707,0,0.0725,1.3629,0.0072,0
0.0913,0.0329,6.0621,2.5904,0,0.0462,3.2716,0.0195,0
0.3437,0.0122,44.9643,7.5724,0,0.0504,18.3387,0.0801,1
0.0357,0.0217,6.029,2.0551,0,0.0289,6.7925,0.0209,0
0.173,0.0654,35.604,17.4595,10,0.0755,15.7271,0.0325,1
0.2445,0.0213,51.73,10.4235,0,0.0721,8.9083,0.1683,1
0.0255,0.0768,3.5631,3.6299,0,0.0542,3.9349,0.0236,0
0.0488,0.0405,9.0003,1.8794,0,0.0716,1.1534,0.0225,0
0.0449,0.0268,3.4944,4.03,0,0.0208,1.297,0.0375,0
0.0701,0.0557,0.6016,3.2291,0,0.0237,4.7863,0.0315,0
0.0479,0.0566,13.0731,0.3409,0,0.0269,5.0805,0.0094,0
0.1539,0.0339,39.3149,5.6825,0,0.0629,4.1072,0.0977,1
0.1927,0.0961,49.2431,12.4629,11,0.102,6.5914,0.0437,1
0.2742,0.0179,58.2727,3.0073,0,0.0407,24.3312,0.1167,1
0.0615,0.0646,6.8283,2.4412,0,0.0676,7.554,0.0169,0
0.0497,0.0698,6.6563,3.5384,1,0.0795,7.3576,0.0376,0
0.2628,0.0173,69.5497,12.9019,1,0.0595,21.5007,0.0796,1
0.0781,0.0454,10.6359,1.7485,0,0.0318,7.1342,0.0284,0
0.0579,0.0598,6.9393,2.1604,0,0.076,3.7372,0.0136,0
0.3226,0.0495,61.3788,11.6451,0,0.0742,10.3002,0.1519,1
0.0423,0.0499,13.0094,3.5437,0,0.0692,1.7931,0.0101,0
0.0382,0.0571,9.8286,0.8765,0,0.0434,3.8317,0.0185,0
0.2009,0.054,52.5071,24.6582,0,0.1947,8.2973,0.1193,1
0.0976,0.0512,13.1205,4.757,0,0.0684,6.001,0.0398,0
0.033,0.0739,10.8789,4.2326,0,0.0505,4.5008,0.0282,0
0.1973,0.0587,60.7008,10.2146,0,0.0398,4.2632,0.1579,1
0.0598,0.0327,10.1702,2.6048,0,0.0684,2.9342,0.0095,0
0.021,0.0598,8.5052,0.121,0,0.0507,2.8484,0.0139,0
0.0804,0.0251,10.6017,3.919,0,0.0499,3.7258,0.0258,0
0.2112,0.0251,51.9867,3.2433,1,0.0273,7.0643,0.1429,1
0.0639,0.0682,3.7065,1.0284,0,0.036,5.8576,0.0268,0
0.0433,0.029,0.5092,4.6352,0,0.044,6.1054,0.0058,0
0.1889,0.0729,30.5572,19.3292,0,0.1468,13.2247,0.0998,1
0.2788,0.035,31.097,23.3146,0,0.1392,27.5501,0.0919,1
0.2968,0.0799,33.5662,19.3248,0,0.091,27.1727,0.0639,1
0.0209,0.0405,12.0851,1.8397,0,0.0655,4.0343,0.0154,0
0.1345,0.0803,12.6232,5.6139,0,0.0768,6.7801,0.0555,0
0.3855,0.0251,44.245,10.9073,0,0.0275,10.9308,0.0796,1
0.0747,0.047,0.9803,0.9072,0,0.0679,5.6271,0.0397,0
0.0339,0.0789,8.0998,1.5234,0,0.0662,2.7563,0.0322,0
0.0943,0.074,9.3933,2.4067,0,0.0766,4.6501,0.0152,0
0.2764,0.0471,32.7625,19.0305,0,0.1879,13.9015,0.0794,1
0.1901,0.0346,44.7643,7.8536,0,0.0515,10.1019,0.1356,1
0.1233,0.0341,35.1748,35.4539,0,0.1566,29.1555,0.0757,1
0.2028,0.0752,47.0573,16.8904,9,0.0833,8.3923,0.0627,1
0.0989,0.0459,9.2792,0.4382,0,0.0385,3.4257,0.022,0
0.0634,0.0441,5.2594,3.0697,0,0.0287,1.773,0.0313,0
0.3175,0.0375,61.7838,3.3073,0,0.0309,14.1015,0.0896,1
0.0526,0.0859,17.3308,3.3186,0,0.0989,7.3398,0.0233,0
0.3422,0.0229,58.6501,8.6033,0,0.038,18.7883,0.1304,1
0.062,0.0686,8.5192,4.4902,0,0.0582,2.6129,0.0194,0
0.0889,0.0648,6.1268,2.6791,0,0.0585,3.0003,0.013,0
0.0728,0.04,13.0768,3.0751,0,0.031,1.8229,0.0159,0
0.0645,0.0676,6.4546,4.0077,0,0.0403,6.5117,0.0259,0
0.3712,0.0243,63.3568,10.7068,0,0.0499,6.4992,0.0664,1
0.3494,0.0279,59.3559,11.2979,0,0.0707,5.665,0.0969,1
0.0274,0.0394,1.0103,0.8742,0,0.0415,5.1131,0.0351,0
0.0897,0.0753,8.7013,3.3474,1,0.0693,5.7181,0.0347,0
0.285,0.0245,63.8574,8.7162,0,0.0406,21.4749,0.1459,1
0.3911,0.0106,40.8009,6.5006,0,0.0467,11.036,0.0664,1
0.0473,0.069,14.4449,1.7305,0,0.0434,2.8977,0.0396,0
0.0625,0.0292,14.0432,3.6875,0,0.0774,3.481,0.0171,0
0.1639,0.0543,63.7725,16.9402,0,0.1533,19.9065,0.0567,1
0.2977,0.0314,72.2047,10.3249,0,0.0293,17.621,0.0915,1
0.2976,0.0134,41.6374,14.016,0,0.0594,22.3923,0.0757,1
0.3412,0.0158,72.4629,10.0754,0,0.0228,24.6209,0.0765,1
0.2105,0.0296,64.1623,3.1217,1,0.0786,12.4383,0.0834,1
0.0535,0.0421,17.5866,0.8439,1,0.0555,3.7101,0.0455,0
0.241,0.0327,69.3747,4.5847,1,0.0427,12.2588,0.0807,1
0.073,0.0415,9.2379,2.4177,0,0.0479,7.6656,0.0375,0
0.2942,0.0363,39.7162,3.9411,1,0.0392,13.0312,0.1327,1
0.0809,0.0418,13.2131,1.5276,0,0.0344,2.4373,0.0331,0
0.1142,0.083,40.8536,17.1254,9,0.0774,14.0366,0.0739,1
0.0213,0.0738,14.7178,4.3899,0,0.0382,5.5395,0.021,0
0.0443,0.0426,2.7086,3.2374,0,0.0418,3.1276,0.0064,0
0.126,0.049,13.0308,0.8644,0,0.0313,13.6817,0.0554,0
0.0637,0.0512,13.0515,0.2171,0,0.0479,5.2109,0.0235,0
0.3366,0.0219,59.3394,6.8235,0,0.0436,14.971,0.1382,1
0.2713,0.0475,37.494,5.3761,0,0.032,7.195,0.1099,1
0.1016,0.0808,23.1365,0.6883,0,0.1042,10.4233,0.0283,0
0.2304,0.0233,43.9314,10.3207,0,0.0649,7.9452,0.1313,1
0.0704,0.0401,12.2675,0.9305,0,0.0394,5.6338,0.034,0
0.0275,0.0407,0.1466,3.186,0,0.0357,5.6495,0.0111,0
0.3522,0.0319,68.9879,9.7097,0,0.0546,15.541,0.0686,1
0.181,0.0668,32.6811,15.2259,6,0.068,5.4469,0.0695,1
0.0395,0.0705,9.5779,0.3115,0,0.069,2.7386,0.0329,0
0.036,0.0449,12.9306,1.4244,0,0.0372,3.1205,0.0055,0
0.2965,0.0228,54.1237,8.9543,0,0.037,14.1904,0.1323,1
0.0857,0.0749,10.5702,4.1252,0,0.0437,5.3433,0.0183,0
0.2901,0.0434,68.8789,4.8706,0,0.0591,6.5765,0.1786,1
0.0953,0.044,10.9967,4.9233,0,0.0723,2.4438,0.017,0
0.0705,0.0298,6.14,3.0761,0,0.0404,1.4377,0.0126,0
0.0278,0.0348,10.8715,3.4056,0,0.0522,5.1345,0.0253,0
0.1807,0.0594,40.7602,4.7555,1,0.0779,12.8955,0.1421,1
0.0257,0.0215,3.7085,3.664,0,0.0269,4.9247,0.0202,0
0.0971,0.0486,11.7358,0.131,0,0.0765,5.8465,0.0181,0
0.2032,0.051,68.8839,4.2839,1,0.0767,8.3322,0.137,1
0.1074,0.0939,25.3165,10.385,7,0.1099,15.3474,0.0725,1
0.2795,0.0355,69.1205,4.6453,0,0.0343,16.4552,0.1458,1
0.1379,0.1112,47.378,11.5703,2,0.1103,12.7168,0.0624,1
0.0471,0.0269,0.6861,1.8377,0,0.0578,1.1078,0.0317,0
0.1901,0.1135,31.7098,9.5863,5,0.1441,16.0322,0.0491,1
0.2053,0.1148,34.2416,13.57,3,0.1498,9.7243,0.0585,1
0.0632,0.0601,8.2326,0.2055,0,0.1142,12.7256,0.0324,0
0.2512,0.0389,35.7857,10.4673,0,0.0647,3.5741,0.0942,1
0.2102,0.0925,36.4929,8.401,10,0.0565,9.8479,0.0614,1
0.0748,0.0757,15.5498,1.2115,0,0.0403,12.7007,0.0541,0
0.2682,0.0462,62.2844,7.5817,0,0.0729,14.328,0.1538,1
0.0707,0.0563,5.0268,4.597,0,0.0769,7.7798,0.0268,0
0.2517,0.0303,69.3507,3.4541,0,0.0408,7.6099,0.0841,1
0.0316,0.0552,10.4621,1.3156,0,0.0441,5.9319,0.0104,0
0.2145,0.0403,40.3913,43.7322,0,0.1065,15.9198,0.1037,1
0.2176,0.045,37.7879,4.3873,0,0.0469,10.6625,0.0945,1
0.1459,0.0409,62.9307,42.8902,0,0.0969,25.0518,0.0758,1
0.0329,0.068,3.3666,3.2544,0,0.024,5.0022,0.0364,0
0.0978,0.0284,5.9639,2.5471,0,0.0319,2.5008,0.0111,0
0.231,0.0213,46.9836,4.4301,1,0.0302,19.9909,0.1217,1
0.0607,0.0253,13.9163,1.775,0,0.0504,2.1009,0.0352,0
0.0832,0.0492,7.6085,0.0161,0,0.0496,2.5237,0.0139,0
0.0802,0.0284,14.0081,2.0631,0,0.0567,5.9614,0.0129,0
0.2476,0.03,58.4799,31.6091,0,0.0921,22.759,0.054,1
0.0884,0.0536,13.1976,3.1339,0,0.0401,12.4883,0.0225,0
0.2838,0.0657,58.6732,25.4473,0,0.1234,23.4704,0.0539,1
0.366,0.0347,73.4612,14.3772,0,0.0398,6.9404,0.0712,1
0.0631,0.0649,1.9427,3.6533,0,0.0414,3.1474,0.0391,0
0.0916,0.0537,11.9817,4.421,1,0.0282,4.597,0.0332,0
0.0392,0.0522,12.5552,1.5156,0,0.0162,6.1652,0.0353,0
0.0861,0.055,11.046,0.1766,0,0.0151,5.5382,0.0236,0
0.1647,0.0204,38.5407,4.0793,0,0.0717,6.2976,0.1636,1
0.0731,0.0686,6.6885,1.0802,0,0.0541,1.6484,0.0099,0
0.2966,0.033,48.2797,7.2308,0,0.0219,9.4602,0.1336,1
0.1297,0.0564,35.0546,11.4338,6,0.0657,17.5618,0.0678,1
0.1314,0.0749,64.4001,47.7089,0,0.1426,9.3738,0.0833,1
0.0681,0.077,3.745,3.0395,0,0.015,6.3588,0.0083,0
0.1685,0.0434,45.6626,23.203,0,0.0813,23.0172,0.0731,1
0.0444,0.071,5.0981,0.9057,0,0.0722,3.7524,0.0255,0
0.0539,0.0305,13.0336,2.9911,0,0.035,6.0148,0.028,0
0.2068,0.0312,44.3262,4.4954,0,0.0307,13.7352,0.0801,1
0.0454,0.0401,1.8778,1.206,0,0.077,7.2674,0.0221,0
0.071,0.0564,8.1194,1.4827,0,0.0574,7.5878,0.0387,0
0.2547,0.0339,56.9981,8.6884,0,0.025,11.1163,0.0683,1
0.051,0.0919,18.3213,5.2775,0,0.0888,6.0434,0.0394,0
0.3352,0.0394,64.5261,5.4477,0,0.0257,24.981,0.1035,1
0.3893,0.0362,58.303,10.7625,0,0.0372,24.9664,0.1211,1
0.2059,0.0926,36.4798,5.0587,10,0.1248,16.3383,0.0735,1
0.0312,0.0349,4.6554,0.4904,0,0.0392,5.5453,0.0122,0
0.3605,0.0136,58.5682,13.5025,0,0.0205,5.7751,0.1048,1
0.0373,0.0539,1.5685,0.3604,0,0.0472,3.1546,0.0339,0
0.0705,0.0531,7.9675,2.2431,0,0.0213,1.481,0.0172,0
0.0927,0.0252,10.6254,0.1808,0,0.053,3.8252,0.017,0
0.1511,0.0302,50.4726,17.6818,0,0.1226,21.224,0.1067,1
0.3082,0.0338,74.2786,13.1887,0,0.0487,22.9883,0.1486,1
0.1415,0.1117,33.1433,9.5678,8,0.1432,12.1557,0.0784,1
0.0854,0.0772,22.1358,3.6335,0,0.0709,4.5661,0.0325,0
0.1739,0.0888,22.1333,10.383,8,0.1098,12.2428,0.0488,1
0.096,0.0348,5.8284,2.1843,0,0.0699,4.0264,0.0306,0
0.0602,0.0607,9.8768,4.1303,0,0.0561,2.2556,0.0124,0
0.0688,0.0556,11.9614,0.6386,0,0.0638,4.6309,0.0072,0
0.2677,0.028,74.4996,3.7335,1,0.0255,18.6758,0.1442,1
0.288,0.0276,67.0279,9.0297,0,0.0549,9.3683,0.1612,1
0.2599,0.0157,50.2141,5.3334,1,0.0419,21.768,0.0656,1
0.283,0.0289,74.0562,5.8741,0,0.0579,13.1579,0.0902,1
0.05,0.0501,14.8147,4.4346,0,0.0258,4.0026,0.0336,0
0.0667,0.0434,9.8677,1.9192,0,0.0255,5.8731,0.0174,0
0.079,0.0752,5.0534,2.6515,0,0.0693,6.0312,0.0205,0
0.0854,0.0543,10.3183,4.6138,0,0.0553,7.6132,0.0222,0
0.0288,0.0491,12.1427,4.7881,0,0.0113,6.1289,0.008,0
0.1749,0.0973,34.4864,16.9395,3,0.1278,12.6225,0.0628,1
0.1994,0.0113,55.4987,6.5526,0,0.0541,17.5681,0.1328,1
0.0441,0.0396,8.486,3.1179,0,0.0618,4.0241,0.014,0
0.3118,0.0565,37.56,7.9831,1,0.0327,7.4533,0.0972,1
0.0918,0.0549,14.5332,0.6758,0,0.0676,4.1518,0.0383,0
0.2228,0.0359,63.3369,10.0239,0,0.0527,13.773,0.1206,1
0.0837,0.0585,7.4833,4.2044,0,0.0599,2.1164,0.0304,0
0.0488,0.0567,10.342,3.4011,0,0.0187,3.4982,0.0375,0
0.0282,0.0325,2.5056,2.7711,0,0.0282,4.7923,0.0309,0
0.0454,0.0422,12.9319,2.8115,0,0.0748,3.3383,0.0378,0
0.0902,0.0601,13.9804,4.1124,0,0.0785,7.6271,0.0118,0
0.0329,0.0402,0.3319,1.5591,0,0.0643,5.7072,0.0276,0
0.0765,0.0271,3.0278,2.4913,0,0.0564,6.1958,0.0333,0
0.0543,0.043,1.9687,0.096,0,0.0592,1.4792,0.0123,0
0.0559,0.0462,14.0491,3.6104,0,0.0434,3.587,0.0068,0
0.2274,0.0325,45.2672,3.6478,0,0.0347,6.0628,0.1608,1
0.1849,0.0765,39.0222,46.7922,0,0.1912,11.1156,0.1041,1
0.1765,0.0428,48.9221,11.9334,1,0.0744,8.1301,0.0913,1
0.1999,0.0701,44.7681,8.9462,8,0.1111,15.0567,0.0701,1
0.2255,0.0501,30.3697,14.1507,8,0.1309,14.8904,0.0554,1
0.0609,0.0351,3.8963,2.2519,0,0.031,5.7981,0.0144,0
0.37,0.0299,55.5078,13.781,0,0.0253,17.4304,0.1435,1
0.0604,0.0309,0.5501,3.805,0,0.0515,1.466,0.0281,0
0.2359,0.0782,51.2722,21.4552,0,0.0857,20.4433,0.0986,1
0.174,0.0534,41.9586,42.0609,1,0.1867,24.3811,0.0892,1
0.2207,0.0307,70.0061,12.3436,0,0.0304,24.8955,0.1293,1
0.3255,0.0436,51.4978,10.7095,0,0.056,3.4396,0.1722,1
0.0879,0.0639,4.0989,1.1959,0,0.0273,5.9984,0.0181,0
0.399,0.0166,77.5486,11.0339,0,0.025,7.6707,0.1416,1
0.311,0.0313,40.0726,11.5485,0,0.0303,12.9209,0.0929,1
0.1448,0.066,48.9709,27.5554,1,0.2,17.9606,0.0519,1
0.278,0.045,32.7677,33.1722,0,0.1025,14.9392,0.0419,1
0.2198,0.0502,61.5099,7.9267,0,0.0525,12.2614,0.0846,1
0.3829,0.0282,72.2241,4.2069,0,0.0274,9.4065,0.0613,1
0.1975,0.1185,35.9127,12.9436,11,0.1458,7.7096,0.0374,1
0.1751,0.0767,39.574,34.3966,0,0.0802,25.6849,0.1079,1
0.0426,0.0592,11.6021,0.0467,0,0.0246,6.5409,0.0364,0
0.1657,0.045,63.891,4.1537,0,0.0406,13.6433,0.0927,1
0.1324,0.0856,17.3185,1.0044,0,0.0448,5.1747,0.0465,0
0.0762,0.0726,7.1991,2.3801,0,0.0431,4.1074,0.0228,0
0.1295,0.0367,43.4787,40.5023,0,0.1859,22.626,0.0616,1
0.0989,0.0533,1.4085,1.6712,0,0.0378,7.2329,0.0211,0
0.0667,0.075,9.2924,4.7831,0,0.0685,5.6679,0.0191,0
0.0944,0.0577,3.3573,2.6648,0,0.0176,6.8298,0.0268,0
0.2333,0.016,75.9342,12.5698,0,0.0486,6.1419,0.1398,1
0.0662,0.0599,3.1966,2.6352,1,0.0775,5.2471,0.0142,0
0.2089,0.0936,25.8608,8.9154,4,0.1128,15.9926,0.0569,1
0.2279,0.0328,42.5003,10.4992,0,0.0253,22.9949,0.1194,1
0.2485,0.0286,69.9206,4.6781,0,0.0352,9.2533,0.0748,1
0.0746,0.0445,7.3842,4.2035,0,0.0471,4.3198,0.0259,0
0.2046,0.0528,56.9948,11.8642,0,0.0696,13.9733,0.1495,1
0.1985,0.0521,46.2138,11.1312,4,0.1307,9.9649,0.049,1
0.0594,0.0514,0.467,2.1304,0,0.0163,5.7101,0.005,0
0.1699,0.0445,32.9327,32.4131,0,0.1012,19.0861,0.0807,1
0.3056,0.0228,52.2507,12.5114,0,0.0311,22.1666,0.0649,1
0.0339,0.0439,10.9738,3.8461,0,0.0641,2.1226,0.0054,0
0.2168,0.031,60.6271,12.4265,1,0.0556,23.647,0.1453,1
0.0455,0.0554,3.0876,1.528,0,0.0772,3.2481,0.0394,0
0.1786,0.0739,32.2123,8.4098,4,0.1353,15.2085,0.0338,1
0.3501,0.0133,60.2674,7.2669,0,0.0205,18.4332,0.0844,1
0.0952,0.0539,4.1524,4.21,0,0.0572,1.8078,0.0368,0
0.0656,0.0736,0.9631,0.5487,0,0.0358,2.7387,0.0189,0
0.2981,0.0194,71.6774,11.7543,0,0.0319,10.676,0.0783,1
0.2106,0.0386,61.4254,3.4729,0,0.0538,14.7708,0.08,1
0.257,0.0158,57.1506,6.1261,0,0.0298,13.7134,0.1117,1
0.05,0.0351,8.3947,2.3074,0,0.0301,2.2995,0.0148,0
0.0876,0.063,6.6796,2.9517,0,0.0576,5.8204,0.0091,0
0.0788,0.068,9.851,0.8004,0,0.0216,4.3957,0.0248,0
0.0412,0.0545,6.2959,3.4608,0,0.0289,1.0962,0.0346,0
0.1653,0.0506,65.0465,9.6855,0,0.0727,5.6853,0.1734,1
0.2241,0.0316,33.3824,19.4529,0,0.1266,10.0767,0.0649,1
0.0235,0.064,13.1777,1.3654,0,0.0506,5.4546,0.0174,0
0.0236,0.0798,5.5656,0.9874,0,0.0356,3.9104,0.0367,0
0.0986,0.0718,12.3961,3.5443,0,0.0701,11.7787,0.0306,0
0.3951,0.022,69.5267,8.9268,1,0.0432,13.8968,0.0602,1
0.242,0.0495,62.4984,5.1078,1,0.0393,10.2301,0.0892,1
0.2823,0.0329,57.2579,8.6738,0,0.0746,9.8722,0.082,1
0.2207,0.055,50.9635,9.8724,0,0.0328,13.1516,0.1206,1
0.3851,0.0351,55.2193,13.0264,0,0.0482,14.9837,0.1297,1
0.1094,0.1011,47.2719,6.0927,3,0.1362,19.8811,0.0441,1
0.2551,0.0483,63.7083,21.6145,0,0.14,17.3785,0.1168,1
0.2362,0.0178,56.7316,6.4962,0,0.0476,14.0785,0.0833,1
0.1934,0.1023,41.5706,7.2467,7,0.1088,11.0188,0.0349,1
0.071,0.0521,21.257,7.7546,0,0.0913,5.193,0.0525,0
0.1519,0.0501,54.6555,8.1854,0,0.0348,11.8113,0.173,1
0.1376,0.0595,11.0072,5.1901,0,0.0795,6.7929,0.0565,0
0.1818,0.0567,55.7259,47.0977,0,0.0991,12.2782,0.0849,1
0.046,0.0344,7.011,0.6822,0,0.0187,5.9259,0.0221,0
0.0932,0.0649,11.5638,3.8465,0,0.0566,5.3175,0.022,0
0.2038,0.0126,59.4885,14.9677,1,0.0546,24.4559,0.0796,1
0.0783,0.0542,0.4387,2.236,0,0.0666,2.8797,0.0253,0
0.0811,0.0937,14.912,3.985,0,0.0968,8.2086,0.0284,0
0.0847,0.0767,10.4443,0.6094,0,0.032,6.2797,0.0353,0
0.07,0.0996,18.7731,7.2907,0,0.0532,12.93,0.0331,0
0.0742,0.0304,9.2539,1.9031,0,0.0151,5.3655,0.0197,0
0.2673,0.0252,53.033,6.1108,0,0.0243,17.0579,0.0771,1
0.1099,0.0916,44.5337,5.3729,10,0.127,17.5235,0.0767,1
0.1346,0.0556,43.0732,10.9183,11,0.091,10.5544,0.0731,1
0.1646,0.0647,28.6096,5.9837,6,0.0638,17.8262,0.0706,1
0.3305,0.0331,38.7595,8.4614,0,0.0717,12.9869,0.1526,1
0.2101,0.0126,59.0154,2.2166,0,0.0428,15.8273,0.0813,1
0.0595,0.0484,2.6479,2.8919,1,0.0512,6.0292,0.0061,0
0.1334,0.0891,17.1851,7.982,0,0.0382,4.2561,0.0457,0
0.0952,0.0478,13.0293,4.1377,0,0.0217,4.8098,0.0173,0
0.3577,0.019,79.2473,12.3661,0,0.0211,22.8623,0.0792,1
0.0536,0.0987,9.6144,0.4916,0,0.119,8.9343,0.0549,0
0.2477,0.0224,68.4711,8.3455,0,0.0236,11.1386,0.0719,1
0.0294,0.025,5.908,0.5917,0,0.0743,4.5494,0.0378,0
0.1096,0.0598,9.7584,2.007,0,0.1186,13.9435,0.0203,0
0.1246,0.0698,42.2988,10.7373,9,0.13,12.6602,0.046,1
0.0281,0.0393,10.2494,3.2041,0,0.0194,4.0351,0.0282,0
0.0498,0.0698,2.5464,4.0004,0,0.0269,1.5299,0.0087,0
0.2396,0.041,37.2287,48.0857,0,0.1966,15.5281,0.0754,1
0.0543,0.0738,3.7307,0.9401,0,0.0598,1.4688,0.0125,0
0.2555,0.0529,54.5477,36.1601,0,0.138,10.2549,0.0906,1
0.1432,0.0876,27.4966,15.9412,2,0.0926,11.4788,0.0733,1
0.0797,0.0779,10.2075,3.4752,0,0.0688,5.4638,0.025,0
0.0325,0.0611,12.0984,1.901,1,0.0118,2.9773,0.0346,0
0.143,0.0451,31.7329,34.5104,0,0.1747,9.8732,0.0448,1
0.3805,0.0156,59.6945,2.1372,0,0.044,12.7339,0.065,1
0.2284,0.0599,65.6246,5.6363,1,0.0529,9.007,0.169,1
0.3199,0.0243,59.2118,7.2551,0,0.0212,20.2955,0.087,1
0.2293,0.0349,44.5695,9.6089,0,0.027,10.2081,0.091,1
0.0876,0.0747,17.4618,2.6508,0,0.0772,11.9368,0.049,0
0.2517,0.0251,64.9408,5.7602,0,0.0541,13.023,0.1122,1
0.3609,0.0328,44.0552,7.2394,0,0.0471,11.7646,0.0982,1
0.022,0.0315,11.6938,0.4283,0,0.0242,6.6,0.0262,0
0.2544,0.0352,62.1141,24.8629,1,0.1298,17.7314,0.0928,1
0.2068,0.0274,52.9844,10.6287,0,0.0242,12.9318,0.076,1
0.0776,0.0476,12.0851,5.1859,1,0.032,6.3064,0.057,0
0.0511,0.069,12.6626,4.7904,0,0.0233,6.6267,0.0249,0
0.1242,0.0665,15.9107,1.4931,0,0.0496,5.3373,0.0545,0
0.0616,0.0603,0.366,2.7511,0,0.0488,2.8573,0.017,0
0.0252,0.0798,3.4501,3.5808,0,0.073,7.3136,0.0267,0
0.1648,0.0616,41.3205,17.8704,0,0.1737,8.3897,0.0485,1
0.2062,0.1146,35.0913,11.4641,8,0.1307,15.788,0.0329,1
0.0714,0.052,11.3739,4.8291,0,0.0464,6.8786,0.0253,0
0.0954,0.0264,10.2489,4.6359,0,0.077,5.4921,0.0316,0
0.0611,0.0364,12.6682,1.5364,0,0.0212,3.2771,0.0318,0
0.1945,0.0722,35.735,17.0456,10,0.1167,13.0349,0.0347,1
0.0836,0.0299,13.4115,1.5313,0,0.0737,4.2126,0.0356,0
0.0912,0.0691,6.7304,3.6475,1,0.0245,1.218,0.0385,0
0.2343,0.0767,61.6117,42.245,1,0.1092,23.7932,0.0885,1
0.0852,0.0216,5.3885,1.4877,0,0.0292,1.0699,0.0366,0
0.0429,0.0477,0.498,0.3333,0,0.0685,3.0243,0.0094,0
0.0738,0.0658,6.783,1.9576,0,0.0548,5.5971,0.021,0
0.1804,0.0266,77.1439,14.8154,0,0.0397,16.8539,0.0806,1
0.053,0.0713,1.1025,2.0075,0,0.0698,4.2642,0.033,0
0.1337,0.0436,18.7507,4.7618,1,0.1059,12.9785,0.0294,0
0.098,0.077,5.6968,0.2853,0,0.0586,7.2854,0.0236,0
0.0491,0.0362,7.2088,4.9624,0,0.068,3.9283,0.0329,0
0.0863,0.0282,11.5241,3.9026,1,0.0197,5.8622,0.0109,0
0.0976,0.0762,11.0767,4.1585,0,0.0406,7.5735,0.0087,0
0.2178,0.032,77.469,11.7003,0,0.0329,16.4434,0.0777,1
0.0206,0.0222,5.5903,0.4834,1,0.0194,4.0294,0.0214,0
0.1771,0.0231,40.9194,9.996,1,0.0776,11.8182,0.1065,1
0.1381,0.0516,9.5279,1.8699,0,0.0636,14.929,0.0255,0
0.2311,0.0744,47.7675,18.3836,4,0.1011,13.8703,0.0335,1
0.3227,0.0202,47.8748,11.9349,0,0.0425,8.8708,0.1299,1
0.0425,0.041,6.3204,4.1131,0,0.0538,7.0318,0.0292,0
0.1992,0.0625,61.6004,26.2537,0,0.1193,13.8797,0.0552,1
0.0345,0.0227,10.5836,0.9789,1,0.0253,2.5829,0.0399,0
0.0738,0.037,2.3791,2.769,0,0.0146,2.8499,0.0247,0
0.0298,0.0772,8.0924,3.5452,0,0.0302,4.8115,0.0205,0
0.0422,0.0363,3.409,3.0511,0,0.0759,7.1543,0.0377,0
0.0425,0.0333,8.8943,2.8251,0,0.0665,6.0641,0.017,0
0.0644,0.0368,1.0176,2.4353,0,0.0186,6.1557,0.0219,0
0.23,0.0528,48.7765,40.4121,0,0.1115,16.4468,0.0904,1
0.046,0.0698,1.2357,0.2889,0,0.0144,5.293,0.0389,0
0.2926,0.0555,34.1807,32.1248,1,0.0805,18.6447,0.0982,1
0.0952,0.0531,14.086,4.0959,0,0.0312,1.7176,0.0277,0
0.2124,0.1021,26.0263,8.1169,10,0.06,5.1467,0.0421,1
0.0763,0.0417,10.2034,1.6913,0,0.0623,4.6346,0.0103,0
0.3986,0.0396,68.763,8.0694,1,0.0221,17.395,0.0977,1
0.375,0.019,73.4566,8.36,1,0.0378,16.6507,0.1408,1
0.3689,0.0101,41.9865,4.995,1,0.0564,8.7889,0.0642,1
0.0618,0.0723,3.0023,0.424,0,0.0445,6.7999,0.0073,0
0.2404,0.0162,56.3156,6.034,0,0.0378,22.387,0.0689,1
0.0508,0.0764,7.2228,1.076,0,0.0134,2.882,0.0316,0
0.3899,0.0275,42.5243,6.8016,0,0.0221,23.9559,0.1421,1
0.0719,0.0562,9.7685,2.0495,0,0.0171,2.3154,0.0282,0
0.0594,0.043,13.9642,4.6656,0,0.0495,3.1968,0.03,0
0.3349,0.031,50.5974,3.9513,0,0.0692,14.5396,0.144,1
0.2276,0.0361,39.5957,47.0143,0,0.0845,10.7655,0.1109,1
0.2422,0.0728,26.3683,5.6247,5,0.076,8.0095,0.0523,1
0.0435,0.0693,4.3749,1.9724,0,0.0251,3.1073,0.0068,0
0.0267,0.0231,0.3688,2.1625,0,0.02,2.3198,0.0221,0
0.0706,0.0792,1.933,2.5784,0,0.0151,5.5973,0.01,0
0.0647,0.091,20.392,4.6763,0,0.0981,11.3282,0.0569,0
0.3789,0.0194,53.4907,14.4013,0,0.0413,15.5089,0.1325,1
0.0922,0.0216,2.5143,0.0261,0,0.0406,7.7765,0.0061,0
0.3174,0.0263,51.1855,7.1886,1,0.0321,19.7365,0.1004,1
0.0259,0.0557,12.1177,1.2965,0,0.0347,5.8625,0.0075,0
0.13,0.0722,31.5578,22.0728,1,0.1424,22.7844,0.051,1
0.1262,0.0727,63.3661,18.7193,0,0.1631,29.2175,0.0554,1
0.0399,0.0476,2.6084,2.5953,0,0.0787,3.0303,0.0119,0
0.0546,0.0934,24.2797,2.8378,0,0.0905,9.8862,0.0515,0
0.0845,0.0346,6.8068,4.959,0,0.0787,6.9848,0.0054,0
0.0961,0.0522,8.1285,2.3959,0,0.0723,2.0612,0.0365,0
0.1997,0.049,68.0244,4.3631,0,0.0798,12.8584,0.165,1
0.2427,0.0434,48.8231,3.6839,0,0.0413,13.0876,0.1596,1
0.0708,0.0868,12.3262,1.2954,0,0.0342,4.0957,0.0257,0
0.089,0.0475,11.7952,1.1597,1,0.0606,6.1411,0.0295,0
0.0207,0.0794,11.5561,0.5283,0,0.0299,1.0582,0.018,0
0.0973,0.0661,1.1543,2.0677,0,0.0769,7.894,0.0269,0
0.1903,0.0491,53.3566,22.3661,0,0.1122,14.4635,0.0974,1
0.0841,0.0883,15.2488,1.57,0,0.108,3.8157,0.0483,0
0.091,0.0525,14.2772,2.4049,0,0.0748,4.8389,0.0173,0
0.0289,0.0451,0.4558,4.9917,0,0.0276,2.4158,0.0247,0
0.0969,0.0293,10.7374,0.2159,1,0.0144,7.2697,0.0341,0
0.0771,0.0585,9.7447,4.9563,0,0.0424,4.825,0.0254,0
0.0278,0.0579,0.4598,1.1231,0,0.014,2.7175,0.0206,0
0.1218,0.0959,27.6762,8.6681,2,0.079,12.2238,0.0356,1
0.0878,0.0424,22.4696,3.6139,0,0.0557,4.5432,0.021,0
0.0693,0.0449,6.3824,1.2035,0,0.0774,5.3141,0.0314,0
0.2804,0.0314,34.3954,39.1354,0,0.1424,22.7852,0.0865,1
0.0963,0.0381,11.649,3.6681,0,0.0599,2.402,0.0083,0
0.037,0.072,0.5914,0.0912,0,0.0355,7.8115,0.035,0
0.0757,0.0511,9.6537,4.8393,0,0.0112,4.0745,0.0149,0
0.198,0.0302,64.0554,14.2691,0,0.0538,16.0796,0.1062,1
0.0342,0.0343,1.9631,1.2334,1,0.0135,4.1591,0.019,0
0.0931,0.0438,0.5943,4.7767,0,0.0196,7.4898,0.0344,0
0.0457,0.0348,12.482,1.0426,0,0.045,7.66,0.0211,0
0.207,0.0645,39.8634,7.97,6,0.055,16.1786,0.0764,1
0.24,0.0444,61.0703,9.5851,1,0.0544,3.4689,0.0855,1
0.2961,0.0391,52.3765,2.4578,0,0.0535,15.14,0.1391,1
0.2174,0.0612,58.0787,16.3317,1,0.1989,27.8069,0.1038,1
0.0667,0.0637,4.8688,0.6674,0,0.0243,2.3141,0.0358,0
0.2435,0.0312,67.5293,4.4595,0,0.0438,6.7505,0.136,1
0.125,0.0637,9.3872,2.2763,0,0.072,6.2718,0.0317,0
0.1378,0.1188,33.5706,14.0297,10,0.1473,19.0274,0.0681,1
0.0496,0.0502,12.6717,0.0552,0,0.0776,6.2002,0.0372,0
0.0535,0.0995,17.6177,3.2056,0,0.0453,3.7308,0.0561,0
0.2131,0.0987,39.8836,11.0132,2,0.1324,12.2845,0.0655,1
0.1282,0.041,8.2193,5.2648,1,0.1135,6.8243,0.0463,0
0.3728,0.0241,59.291,3.5697,0,0.0393,18.2362,0.0606,1
0.0393,0.0312,10.6226,3.824,0,0.0452,2.4184,0.0176,0
0.2328,0.0453,60.0979,26.5066,0,0.1771,21.8861,0.0916,1
0.2312,0.0161,40.9906,2.4219,0,0.0549,24.6613,0.067,1
0.0994,0.0357,10.0139,4.7034,0,0.0298,2.3365,0.028,0
0.2929,0.0276,61.2889,2.4862,0,0.0324,12.9592,0.1059,1
0.0726,0.0492,10.969,7.7078,1,0.0674,14.4864,0.0523,0
0.0236,0.0653,7.1981,4.1993,0,0.0776,5.8805,0.0286,0
0.0622,0.0219,4.9055,1.4936,0,0.0631,2.8866,0.0287,0
0.0622,0.0734,14.0621,4.0475,0,0.0956,5.9109,0.0506,0
0.2082,0.1015,20.8737,18.9896,10,0.1064,14.4372,0.0661,1
0.336,0.035,55.3153,13.1389,0,0.0461,20.1848,0.0959,1
0.0881,0.0577,1.7596,0.0606,0,0.0352,3.5791,0.0104,0
0.0312,0.0429,4.4602,4.6722,0,0.0454,2.5701,0.0324,0
0.097,0.0753,12.2595,0.1047,0,0.0184,7.0113,0.0309,0
0.0295,0.0643,9.8833,3.9283,0,0.0234,7.3549,0.0264,0
0.0494,0.0414,12.3873,3.003,0,0.0763,3.0122,0.0227,0
0.0839,0.0338,3.6307,3.4407,0,0.0321,3.8677,0.0207,0
0.2734,0.0391,54.9317,5.127,0,0.0572,8.8573,0.1092,1
0.0918,0.0455,8.7326,2.5128,0,0.051,5.908,0.0192,0
0.0843,0.0307,4.8779,2.3078,0,0.0412,3.3354,0.028,0
0.1462,0.0651,56.7599,24.3634,1,0.1003,22.7108,0.0818,1
0.0659,0.0446,0.8563,1.8415,1,0.063,3.6077,0.0201,0
0.0696,0.0617,5.5988,0.7945,0,0.0148,1.2357,0.036,0
0.0547,0.0777,10.9075,3.0647,0,0.0794,2.5369,0.0282,0
0.2248,0.0325,50.9776,49.2416,0,0.1618,14.6648,0.1133,1
0.0836,0.0471,5.0918,0.8705,0,0.0783,4.5219,0.0287,0
0.3599,0.0235,54.2437,4.0131,1,0.0203,5.4329,0.1063,1
0.0534,0.0628,10.8513,3.7808,0,0.0351,3.3272,0.0085,0
0.3677,0.0324,50.9648,4.7175,0,0.0406,18.6191,0.0697,1
0.1674,0.0891,38.1633,16.2852,4,0.1035,9.9291,0.0336,1
0.0286,0.0225,5.2519,4.471,0,0.0633,4.8689,0.0358,0
0.0276,0.0586,12.8158,2.5293,0,0.0771,1.4833,0.0155,0
0.071,0.0277,2.5055,2.0216,0,0.0293,4.0636,0.0104,0
0.0245,0.03,3.2351,3.1809,0,0.0268,3.974,0.0091,0
0.0485,0.0335,8.3305,4.8999,0,0.0421,1.1339,0.0115,0
0.077,0.0409,10.4052,0.2908,0,0.0293,1.0634,0.015,0
0.0429,0.0631,14.6576,0.9224,0,0.0223,5.6166,0.0342,0
0.0917,0.0326,14.3348,0.3007,0,0.0539,5.349,0.0348,0
0.3071,0.0142,48.765,13.2912,1,0.0213,21.1355,0.0989,1
0.0689,0.0556,10.4613,0.3013,0,0.0119,7.7679,0.0176,0
0.3451,0.0264,49.9528,5.0626,0,0.0367,14.8796,0.1116,1
0.0359,0.067,3.5041,0.8401,0,0.0534,6.9958,0.0113,0
0.0528,0.0324,5.9436,0.3381,1,0.0385,7.0999,0.0308,0
0.0847,0.0266,10.4247,2.2972,0,0.0574,4.5184,0.0062,0
0.2037,0.0663,36.5207,14.6955,5,0.0607,17.2185,0.0379,1
0.0761,0.0363,0.4496,4.0249,0,0.04,1.9823,0.0344,0
0.0451,0.0306,13.2568,1.1333,0,0.0445,7.0571,0.0124,0
